date,topic,source
2025-01-15,ai_infrastructure,FR
2025-04-07,ai_infrastructure,FR
2025-02-28,ai_infrastructure,FR
2025-01-17,ai_infrastructure,FR
2023-12-15,ai_infrastructure,FR
2023-09-26,ai_infrastructure,FR
2023-08-14,ai_infrastructure,FR
2023-01-25,ai_infrastructure,FR
2025-10-07,ai_infrastructure,FR
2025-09-26,ai_infrastructure,FR
2025-09-18,ai_infrastructure,FR
2025-09-12,ai_infrastructure,FR
2025-07-28,data_center,FR
2025-07-21,ai_infrastructure,FR
2025-06-17,data_center,FR
2025-04-29,ai_infrastructure,FR
2025-04-28,ai_infrastructure,FR
2025-02-06,ai_infrastructure,FR
2025-01-31,ai_infrastructure,FR
2025-01-21,efficiency,FR
2025-01-15,ai_infrastructure,FR
2025-01-07,ai_infrastructure,FR
2025-01-07,ai_infrastructure,FR
2024-12-19,ai_infrastructure,FR
2024-12-04,ai_infrastructure,FR
2024-11-25,ai_infrastructure,FR
2024-11-04,ai_infrastructure,FR
2024-10-31,ai_infrastructure,FR
2024-10-30,ai_infrastructure,FR
2024-10-02,ai_infrastructure,FR
2024-10-02,data_center,FR
2024-09-26,ai_infrastructure,FR
2024-09-23,ai_infrastructure,FR
2024-09-17,ai_infrastructure,FR
2024-09-17,ai_infrastructure,FR
2024-09-11,ai_infrastructure,FR
2024-09-10,ai_infrastructure,FR
2024-09-04,data_center,FR
2025-06-06,data_center,FR
2024-05-16,data_center,FR
2025-09-03,efficiency,FR
2025-07-02,efficiency,FR
2025-05-16,efficiency,FR
2025-05-07,cooling,FR
2025-04-24,efficiency,FR
2025-01-21,efficiency,FR
2024-12-26,efficiency,FR
2024-12-23,efficiency,FR
2024-11-18,cooling,FR
2024-06-11,grid_integration,FR
2023-11-01,ai_infrastructure,FR
2025-05-20,efficiency,FR
2025-05-20,efficiency,FR
2025-05-20,efficiency,FR
2025-05-16,efficiency,FR
2025-05-16,efficiency,FR
2025-05-16,efficiency,FR
2025-05-16,efficiency,FR
2025-05-16,efficiency,FR
2025-05-16,efficiency,FR
2025-05-16,efficiency,FR
2025-05-16,efficiency,FR
2025-05-16,efficiency,FR
2025-05-16,efficiency,FR
2025-04-29,efficiency,FR
2025-04-17,efficiency,FR
2025-03-20,efficiency,FR
2025-03-20,efficiency,FR
2025-03-07,efficiency,FR
2025-02-20,efficiency,FR
2025-02-20,efficiency,FR
2025-01-17,efficiency,FR
2025-01-17,efficiency,FR
2025-01-17,efficiency,FR
2025-01-16,efficiency,FR
2025-01-07,efficiency,FR
2024-12-30,efficiency,FR
2024-12-27,efficiency,FR
2024-11-08,efficiency,FR
2024-10-21,efficiency,FR
2024-10-21,efficiency,FR
2024-10-18,efficiency,FR
2024-10-18,efficiency,FR
2024-10-17,efficiency,FR
2024-10-08,efficiency,FR
2024-10-07,efficiency,FR
2024-09-30,efficiency,FR
2024-09-30,efficiency,FR
2024-08-28,efficiency,FR
2024-08-12,efficiency,FR
2024-07-23,efficiency,FR
2024-06-13,efficiency,FR
2024-05-20,efficiency,FR
2024-05-20,efficiency,FR
2024-05-20,efficiency,FR
2024-05-07,efficiency,FR
2024-05-07,efficiency,FR
2024-05-06,efficiency,FR
2024-04-26,efficiency,FR
2024-04-24,efficiency,FR
2024-04-24,efficiency,FR
2024-04-22,efficiency,FR
2024-04-19,efficiency,FR
2024-04-08,efficiency,FR
2024-03-15,efficiency,FR
2024-03-15,efficiency,FR
2024-03-14,efficiency,FR
2024-03-12,efficiency,FR
2024-03-12,efficiency,FR
2024-03-11,efficiency,FR
2024-03-06,efficiency,FR
2024-02-14,efficiency,FR
2024-02-14,efficiency,FR
2024-01-19,efficiency,FR
2024-01-17,efficiency,FR
2024-01-17,efficiency,FR
2023-12-27,efficiency,FR
2023-12-26,efficiency,FR
2023-12-18,efficiency,FR
2023-12-15,efficiency,FR
2023-11-29,efficiency,FR
2023-11-06,efficiency,FR
2023-10-20,efficiency,FR
2023-10-19,efficiency,FR
2023-10-12,efficiency,FR
2023-10-10,efficiency,FR
2023-10-06,efficiency,FR
2023-10-06,efficiency,FR
2023-10-03,efficiency,FR
2023-09-28,efficiency,FR
2023-09-28,efficiency,FR
2023-09-25,efficiency,FR
2023-09-19,efficiency,FR
2023-09-05,efficiency,FR
2023-08-31,efficiency,FR
2023-08-31,efficiency,FR
2023-08-14,efficiency,FR
2023-08-02,efficiency,FR
2023-07-28,efficiency,FR
2023-06-22,efficiency,FR
2023-06-20,efficiency,FR
2023-06-02,efficiency,FR
2023-06-02,cooling,FR
2023-06-02,efficiency,FR
2023-06-01,efficiency,FR
2023-06-01,efficiency,FR
2023-05-30,efficiency,FR
2023-05-30,efficiency,FR
2023-05-26,efficiency,FR
2023-05-25,efficiency,FR
2023-05-19,efficiency,FR
2023-05-18,efficiency,FR
2023-05-11,efficiency,FR
2023-05-01,efficiency,FR
2023-04-11,efficiency,FR
2023-04-11,efficiency,FR
2023-03-31,efficiency,FR
2023-03-30,efficiency,FR
2023-03-30,efficiency,FR
2023-03-27,efficiency,FR
2023-03-24,efficiency,FR
2023-03-15,efficiency,FR
2023-03-03,efficiency,FR
2023-02-28,efficiency,FR
2023-02-28,efficiency,FR
2023-02-27,efficiency,FR
2023-02-22,efficiency,FR
2023-02-13,efficiency,FR
2023-02-13,efficiency,FR
2023-02-06,efficiency,FR
2023-02-02,efficiency,FR
2023-02-01,efficiency,FR
2023-01-11,efficiency,FR
2023-01-11,efficiency,FR
2022-12-23,efficiency,FR
2022-12-16,cooling,FR
2022-12-08,efficiency,FR
2022-12-06,efficiency,FR
2022-11-29,efficiency,FR
2022-11-28,efficiency,FR
2022-11-17,efficiency,FR
2022-11-17,efficiency,FR
2022-11-01,efficiency,FR
2022-11-01,efficiency,FR
2022-10-13,efficiency,FR
2025-07-07,efficiency,FR
2025-04-04,efficiency,FR
2025-03-10,efficiency,FR
2025-02-12,efficiency,FR
2025-01-29,efficiency,FR
2024-12-19,efficiency,FR
2024-11-18,efficiency,FR
2024-09-11,efficiency,FR
2024-05-28,efficiency,FR
2024-05-07,efficiency,FR
2025-08-01,efficiency,FR
2025-01-14,efficiency,FR
2024-04-24,efficiency,FR
2024-01-30,efficiency,FR
2024-01-29,efficiency,FR
2023-05-31,efficiency,FR
2023-04-18,efficiency,FR
2025-08-08,grid_integration,FR
2025-05-20,grid_integration,FR
2025-04-28,grid_integration,FR
2025-01-31,ai_infrastructure,FR
2024-11-14,ai_infrastructure,FR
2024-08-20,grid_integration,FR
2024-07-03,grid_integration,FR
2024-06-26,ai_infrastructure,FR
2024-06-12,ai_infrastructure,FR
2024-05-03,ai_infrastructure,FR
2024-02-26,ai_infrastructure,FR
2023-11-02,ai_infrastructure,FR
2023-08-30,ai_infrastructure,FR
2023-05-31,ai_infrastructure,FR
2023-05-11,ai_infrastructure,FR
2023-04-03,ai_infrastructure,FR
2023-02-14,ai_infrastructure,FR
2024-04-16,grid_integration,FR
2023-09-06,grid_integration,FR
2024-12-18,grid_integration,FR
2024-12-06,grid_integration,FR
2023-03-06,grid_integration,FR
2022-12-30,grid_integration,FR
2022-12-06,grid_integration,FR
2022-11-25,grid_integration,FR
2022-10-13,grid_integration,FR
2022-10-11,grid_integration,FR
2025-09-30,ai_infrastructure,WH
2025-09-30,ai_infrastructure,WH
2025-09-30,ai_infrastructure,WH
2025-09-30,ai_infrastructure,WH
2025-09-30,ai_infrastructure,WH
2025-09-30,ai_infrastructure,WH
2025-09-30,ai_infrastructure,WH
